Question,Answer
What is the primary cause of blindness in developing countries?,Cataracts
Are cataracts the leading factor in blindness among developing nations?,Yes
Which condition accounts for the majority of blindness cases in developing countries?,Cataracts
Do cataracts contribute significantly to blindness rates in developing nations?,Yes
Are cataracts predominantly responsible for blindness in low-income countries?,Yes
"In developing nations, what is the main reason for blindness?",Cataracts
Are cataracts the primary cause of vision loss in less economically developed regions?,Yes
What is the most common cause of blindness in countries with limited resources?,Cataracts
Do cataracts play a major role in causing blindness in the developing world?,Yes
Are cataracts the primary factor behind blindness prevalence in underdeveloped areas?,Yes
What is the primary symptom of vision loss due to cataracts?,Gradual
Are cataracts typically painful?,No
Do cataracts cause burning sensations or similar symptoms?,No
How does vision change with cataracts over time?,Blurred and cloudy
What happens to contrasts and colors as cataracts progress?,Less clear
How do some individuals react to bright lights when they have cataracts?,Sensitive
"What activity becomes more challenging, especially at night, with cataracts?",Driving
What increased risk do individuals with poor vision due to cataracts face?,Falling
What aspect of vision is affected besides clarity?,Spatial
"Can cataracts cause changes in refractive power, affecting the need for glasses?",Yes
"What is the main cause of a ""senile"" cataract in about 90% of cases?",Aging
What can cause cataracts to develop earlier in some families?,Genetic predisposition
In what rare scenario might a baby be born with cataracts?,If the mother gets measles or rubella during pregnancy
What environmental factors may increase the risk of developing cataracts?,UV light from the sun and smoking
Which medical condition is associated with a higher risk of cataracts?,Diabetes
What factors contribute to the prevalence of cataracts in developing countries?,Malnutrition and poor living conditions
What can lead to the development of cataracts following an inflammation or injury to the eye?,Trauma
"Besides inflammation or injury, what else can lead to the development of cataracts?",Eye surgery
What might increase the risk of cataracts after long-term use?,Certain medications
Which long-term use might lead to cataracts?,Certain medications
What needs to be ruled out before diagnosing cataracts due to various reasons for vision deterioration?,Other possible causes
What does an eye doctor typically inquire about during the initial consultation?,Symptoms and general medical history
What type of examination is used to inspect the lens of the eye?,Slit lamp examination
How is the eye examined using a slit lamp described?,Close look at the lens and other eye parts with a line of light
What is used to dilate pupils for examining the back of the eye?,Medication
How long do pupils typically stay dilated after medication?,A few hours
What might be affected during the time when pupils are dilated?,Difficulty focusing and increased sensitivity to light
Why should driving be avoided for a few hours after pupil dilation?,Difficulty focusing and increased sensitivity to light
How long is it recommended to wait before driving after pupil dilation?,4 to 5 hours
What precaution should be taken if unsure about the return of normal vision after pupil dilation?,Avoid driving
Are there specific preventive measures scientifically proven to lower the risk of developing cataracts?,No
"What is believed to increase the risk of cataracts, potentially decreasing with cessation?",Smoking
How can individuals exposed to significant UV light protect their eyes from the sun?,By wearing sunglasses
Which type of medications might increase the risk of developing cataracts?,Steroid medications
What action might be considered regarding steroid medications and cataract risk?,Switching to a different medication
What options do some individuals have to compensate for vision loss caused by cataracts?,Wearing glasses or contact lenses
Are there medications available for the treatment of cataracts?,No
What is the only effective treatment for cataracts?,Surgery
What does cataract surgery involve?,Removing the cloudy lens and replacing it with an artificial lens
What part of the eye is left intact during cataract surgery?,Lens capsule
How are the cloudy portions of the lens removed during surgery?,Broken up into small pieces using ultrasound
What is implanted into the lens capsule after the cloudy lens is removed?,Artificial lens
What is the standard surgical technique for cataract removal in some countries?,Phacoemulsification
"In addition to phacoemulsification, what other surgical option is sometimes offered for cataracts?",Laser surgery
What is the standard surgical technique for cataract removal in some countries?,Phacoemulsification
